id,title,journal,pub_year,country,abstract_en,body_en,abstract_es,body_es
barbastella-1,Recuperación de la colonia de Miniopterus schreibersii de la cueva de Cueva de Ágreda (Soria),Barbastella,2012,esp,"Up until the 1990s a colony of 600–700 Schreiber’s bats lived in Cueva de Ágreda (Soria). The colony in this cave decreased to 100 individuals in the early years of this century. In 2001 a gate closing off three-quarters of the entrance was installed. In March 2010, the top of the gate was removed and the cave’s bat populations were monitored throughout the year. Five species were identified, censuses were conducted and bat behaviour when leaving the cave was recorded. The observed behaviour and the increase in the colony to up to 447 bats in 2010 suggest that the gate was the cause of the colony’s decrease. The present gate has been recently replaced by a perimeter fence that allow bats free access to the cave. As part of project to raise awareness of bats in the Sorian part of the mountain of El Moncayo, TV cameras with infrared lights that transmit images to an interpretation centre have been installed.",,"En la cueva de Cueva de Ágreda (Soria) habitaba una colonia de 600-700 murciélagos de cueva en la década de 1990, que se redujo en los primeros años del presente siglo hasta los 100 ejemplares. En 2001 se instaló una verja que tapaba ¾ partes de la boca; en marzo de 2010 se ha retirado la parte superior de la verja y se ha realizado un seguimiento de la población de murciélagos de la cavidad durante todo el año. Se han identificado cinco especies, se han realizado censos y se ha registrado el comportamiento de los quirópteros al salir junto a la verja. El comportamiento observado y el aumento de la colonia en 2010 hasta llegar a 447 ejemplares, permiten deducir que la verja era responsable de la disminución de los efectivos. Recientemente se ha sustituido esa verja por un vallado perimetral que permite el libre acceso a la cavidad por los murciélagos. Dentro de un proyecto de puesta en valor de los murciélagos del Moncayo soriano, actualmente se han instalado cámaras de tv con luz infrarroja y la señal se recibe en un centro de interpretación.",
barbastella-2,Ocupación de cajas-refugio por murciélagos en Navarra,Barbastella,2013,esp,"405 bat boxes of 7 different models have been revised in 11 areas of Navarre (Northern Spain) in autumn 2012. Occupation has ranged between 0 and 90% depending on the area. Overall, 241 (60%) of the cases showed signs of occupation: 107 (26%) were inhabited by bats and 134 (33%) contained guano. 345 bats belonging to 10 species have been counted: Myotis mystacinus, Myotis daubentonii, Pipistrellus pipistrellus, Pipistrellus pygmaeus, Pipistrellus kuhlii, Nyctalus leisleri, Nyctalus noctula, Nyctalus lasiopterus, Barbastella barbastellus and Plecotus auritus. The most frequent and abundant were P. pygmaeus, found in 53 boxes (247 individuals) and N. leisleri in 24 (36 ind.). Dominant species were found in different areas and species preferences were observed for certain models of boxes. The most used models were 1FF and 2F with double front panel (Schwegler). No significant differences were found in relation to tree species where the boxes are, although there were significant differences in relation to forest structure: the occupation was greater with the more open forest structure. Besides, significant differences were found in relation to the orientation: the largest amount of bats was found in boxes oriented NW, S and SW. 30% of bat boxes contained other animals and/or obstacles to the bat occupation, mainly excess of guano (12%), nests (9%) and wasps (5%), so regular cleaning is required.",,"En otoño de 2012 se han revisado 405 cajas-refugio para murciélagos, de 7 modelos diferentes en 11 zonas de Navarra (Norte de España). La ocupación ha oscilado entre el 0 y el 90% según zonas. En conjunto, 241 (60%) cajas mostraba signos de ocupación: 107 (26%) estaban habitadas por murciélagos y otras 134 (33%) contenían guano. Se han contabilizado 345 murciélagos pertenecientes a 10 especies: Myotis mystacinus, Myotis daubentonii, Pipistrellus pipistrellus, Pipistrellus pygmaeus, Pipistrellus kuhlii, Nyctalus leisleri, Nyctalus noctula, Nyctalus lasiopterus, Barbastella barbastellus y Plecotus auritus. Las más frecuentes y abundantes han sido P. pygmaeus, hallada en 53 cajas (247 individuos) y N. leisleri, en 24 (36 ind.). Se han encontrado especies dominantes en diferentes zonas y también preferencias de algunas especies por determinados modelos de cajas. Los modelos más utilizados han sido el 1FF y el 2F de doble pared (Schwegler). No se han encontrado diferencias significativas de ocupación en relación a la especie de árbol donde se hallan las cajas, aunque sí respecto a la estructura del bosque: la ocupación es mayor cuanto más abierta es la estructura del bosque. Además se observan diferencias significativas en relación a la orientación: el mayor número de murciélagos se encuentra en las cajas orientadas al NO, S y SO. El 30% de las cajas presentaban otros animales y/o obstáculos para la ocupación de murciélagos, principalmente exceso de guano (12%), nidos (9%) y avispas (5%), por lo que se requiere una limpieza periódica. ",
barbastella-3,Pasos agrícolas inferiores de carreteras: su importancia para los murciélagos como refugio y lugar para cruzar la vía,Barbastella,2014,esp,"The main goal of this study was to contribute for the knowledge of the use of under-roads passageways by bats in northern of Portugal. We selected five underpasses in a road stretch of 8.250 m located in a rural agricultural and grazing area. The average dimensions of underpasses were, 9 m wide, 4.25 m high and 34 m deep. The data was obtained through acoustic detection, mist net capture and roost inspection. Acoustic and mist netting results confirm the use of the underpasses by at least 12 species (Pipistrellus pipistrellus, P. kuhlii, P. pygmaeus, Myotis daubentonii, M. escalerai, M. myotis, Nyctalus leisleri, Plecotus austriacus, Rhinolophus ferrumequinum, R. hipposideros, R. mehelyi/R. euryale and Eptesicus serotinus/E. isabellinus). Data from roost inspection in all the underpasses showed the presence of at least six species (M. daubentonii, M. myotis, N. leisleri, P. austriacus, Eptesicus serotinus/E. isabellinus y Pipistrellus sp.), they used fissure within the tunnels of between 1.2 and 1.9 cm. For the same height (4.2-4.3 m) and width (9m), the underpasses most used were the longest. These results stress the importance of underpasses in improving the connectivity and permeability between areas, along with its potential to offer new roosts for bats. We encourage further monitoring and detailed ecological studies to better understand the physical and environmental characteristics that underpin the usage of such structures by bats.",,"Con objeto de ampliar el conocimiento sobre la utilización de los pasos inferiores agrícolas por parte de los murciélagos se han desarrollado trabajos de detección acústica, captura y revisión de refugios en cinco pasos inferiores ubicados a lo largo de 8250m de un tramo de la carretera situada en el Norte de Portugal en una zona rural de uso agrícola y pastoreo. Los pasos tienen las dimensiones medias de 9 m de anchura, 4,25 m de altura y 34 m de profundidad. Los resultados de los registros acústicos y de captura de murciélagos con redes de niebla, permitieron confirmar la utilización de por lo menos 12 especies (Pipistrellus pipistrellus, P. kuhlii, P. pygmaeus, Myotis daubentonii, M. escalerai, M. myotis, Nyctalus leisleri, Plecotus austriacus, Rhinolophus ferrumequinum, R. hipposideros, R. mehelyi/R. euryale y Eptesicus serotinus/E. isabellinus). La inspección y revisión de refugios en los 5 pasos inferiores han permitido constatar la presencia de por lo menos 6 especies (M. daubentonii, M. myotis, N. leisleri, P. austriacus, Eptesicus serotinus/E. isabellinus y Pipistrellus sp.) que usaron fisuras dentro de los túneles de entre 1,2 y 1,9 cm. Para una misma altura (4,2-4,3m) y anchura de túnel (9m), los pasos más utilizados fueron los de mayor longitud. Estos resultados confirman la importancia que los pasos inferiores tienen en la conectividad y minimización de los impactos de las carreteras, así como proporcio- nan nuevos refugios artificiales para los murciélagos. Se incita a promover seguimientos y estudios ecológicos más detallados que profundicen en el conocimiento de la utilización de los quirópteros de estas estructuras así como sus características físicas y su entorno y en otras carreteras. ",
barbastella-4,Conservación de colonias reproductoras de murciélagos cavernícolas mediante refugios artificiales,Barbastella,2017,esp,"Bats require specific shelters where to establish their breeding colonies. They generally use natural roosts, although bats often also occupy human constructions as long as they maintain certain environmental conditions and are free from disturbance. In Acedo (Navarre, Northern Spain) three disused fish farm buildings were used by about 300 adult bats of four species (Rhinolophus hipposideros, Rhinolophus ferrumequinum, Myotis emarginatus and Pipistrellus pipistrellus). The buildings were removed in October 2013 to restore the place. In 2014 two man-made bat-houses specifically designed for bat colonies were settled with three wooden bat-boxes on the walls. Both huts were quickly occupied by bats in June 2015, although all M. emarginatus left the shelter in July after a heat stroke, and five young bats of this species and another of R. ferrumequinum were found dead. By the end of 2015, the huts were thermally insulated by a raised roof and insulating paint. In 2016 both bat-houses were again occupied and the colonies then normally reared. In addition, this year the number of adults approximately doubled the bats observed in previous years. Maximum temperatures recorded inside one bat-house in 2016 were significantly lower than those of 2015 and the period with temperatures above 30 oC was reduced by 69 %. This experiment shows an effective and affordable alternative to keep bat colonies by man-made shelters, which can be applied when current shelters are in danger. However, it is necessary to take into account the possible overheating of the roosts in Mediterranean areas, so it is recommended to insulate them and place them in shaded areas. ",,"Los murciélagos requieren refugios específicos donde establecer sus colonias reproductoras. Aunque generalmente utilizan refugios naturales, en muchas ocasiones también ocupan construcciones humanas siempre que mantengan determinadas condiciones ambientales y carezcan de molestias. En Acedo (Navarra, Norte de España) tres edificios de una piscifactoría en desuso eran utilizados por alrededor de 300 murciélagos adultos de cuatro especies para criar (Rhinolophus hipposideros, Rhinolophus ferrumequinum, Myotis emarginatus y Pipistrellus pipistrellus). Los edificios fueron retirados en octubre de 2013 para restaurar el lugar. En julio de 2014 se instalaron dos casetas-refugio específicamente diseñadas para albergar las colonias de murciélagos junto con tres cajas de madera en las paredes. Las dos casetas fueron rápidamente ocupadas por los murciélagos en junio de 2015, aunque todos los M. emarginatus abandonaron el refugio en julio tras un período de canícula, y se encontraron cinco jóvenes de esta especie y otro más de R. ferrumequinum muertos. A finales de 2015, las casetas fueron acondicionadas para aislarlas del calor mediante un tejado elevado y pintura aislante. En 2016 las casetas volvieron a ser ocupadas y las colonias criaron entonces con normalidad. Además, este año el número de ejemplares fue aproximadamente el doble de los observados en censos de otros años. Las temperaturas máximas registradas en el interior de una caseta en 2016 fueron significativamente más bajas que las de 2015 y el período con temperaturas superiores a 30 oC se redujo un 69 %. Este ensayo muestra una alternativa eficaz y asequible para mantener colonias de murciélagos mediante refugios artificiales, que puede ser aplicada cuando los actuales refugios se encuentran en peligro. No obstante, es preciso tener en cuenta el posible recalentamiento de las casetas en áreas mediterráneas, por lo que se recomienda aislarlas térmicamente y colocarlas en zonas sombreadas.",
dialnet-5107885,Rescate y retorno a estado salvaje de un oso pardo es Asturias (España),Galemys,2001,esp,"A female brown bear (Ursus arctos, L.), two years old, located near a road in march 28, 1999, with locomotion difficulties and no fleeing behavior from humans, was inmobilized with a blowgun and tagged with a hair transmitter. After a first inspection on the ground (breath and heart rates and body temperature) only some wounds on mouth and muzzle were apparent. Translocated in a Culvert trap to a Veterinary Faculty (León) 130 km away, was anaesthesized for body radiography and ventral ecographies, and blood and body samples were taken for haemathology, toxicology and parasites analysis, all of them drawn normal or negative results, so no accurate diagnosis was possible. The bear was in a box trap without human contact for inespecific treatment (feeding, qiuetness, antibiotic administration) for some days. Because of apparent fairly good locomotion and recovery, was released 10 days later, some 2,5 km apart from the capture site, and was radiolocated until failure of transmitter four days later. Nevertheless, it was observed one and a half months later, feeding on a slope two km apart from release site. Results from more complex toxicological analysis of blood samples, available some months later, revealed presence of carbofurano and metomilo, poisoning probably ingested as bait. ",,"Una hembra de oso pardo (Ursus arctos, L.), localizada junto a una carretera el 28 de marzo de 1999 con dificultades motrices y que no mostraba el comportamiento habitual de huida, fue capturada y dotada de un transmisor. Tras una inspección sobre el terreno, en la que sus ritmos respiratorios y cardiacos y su temperatura corporal resultaron normales, se le detectaron algunas heridas en boca y hocico. Trasladada a la Facultad de Veterinaria de León en una caja Culvert, fue anestesiada para la rea- lización de radiografías, de ecografía abdominal, y toma de muestras para diversos análisis (hematológicos, parasitológicos, toxicológicos e infecciosos), todos con resultados normales o negati- vos, sin que pudiera realizarse un diagnóstico preciso. Se le mantuvo en un recinto aislado, evitando el contacto humano, aplicándole un tratamiento inespecífico (descanso, abundante alimentación y sumi- nistro de un antibiótico de amplio espectro). Tras la positiva recuperación y con una aparente buena motricidad se le liberó el 7 de abril de 1999 a 2,5 Km del sitio de captura. Desde entonces se le radiolocalizó continuamente pero el transmisor empezó a fallar y se perdió la señal el 11 de abril. Se identificó visualmente el ejemplar el 25 de mayo, por portar aún el transmisor, alimentándose en una ladera sola- na a 2 Km del punto de suelta, aparentemente en buenas condiciones. Los resultados de los análisis toxicológicos sobre muestra de sangre, disponibles algunos meses más tarde, detectaron la presencia de carbofurano y metomilo en dosis que indicaban su posible ingesta como cebo. ",
dialnet-5107873,Resultados de una traslocación de osos pardos de Eslovenia a los Pirineos Centrales,Galemys,2002,esp,"nside of a project Life from UE, in 1996 and 1997, three brown bears (2 females -Ziva and Mellba- and 1 male-Pyros-) from Eslovenia were released in Central Pyrennes. The home range size and the movements of bears were very different according to bears and years. The first year showed ranges very large and travelled long distances. The smallest movements and home ranges were found when the females had cubs of the year. Pyros made displacements (-x = 3,01 km, SD = 2,89 km) longer than Ziva (-x= 2,07 km, SD = 2,09 km). The border movements of bears among France, Catalonia and Aragon was very common. One of the bears is now in conctact with the bear autochthonous population from Atlantic Pyrenees. Bears selected north orientations, slopes between 30 and 60 degrees, elevations between 1.301and 1.800 m and the forests of oak-tress, beech-trees and fir-trees. In 1997, the female Mellba gave birth three cubs in France, before it was killed by a hunter, and the female Ziva two cubs. Two Mellba’s cubs survived until now. A case of multi-paternity was proved thanks to genetical analysis of translocated bears and their cubs, only found in grizzly bears. In Catalonia (1996-2000), the bears made 118 damages on livestock, although 178 heads of cattle killed and 397 missing were payed. The current population (2000-2002) is six bears (1 male adult -13 years-, 1 female adult -12 years-, and 3 males and 1 female-4 years-) inhabiting the area. In june 2001, a cub of the year was found dead in France. The high number of cub per litters, the survival of two orphan cubs, the weight of bears born in the Pyrenees and captured, the excellent data of blood analysis carried out and the variety of diet found in the preliminaire analysis of samples, appear to show a good adaptation to trophic disponibility and the habitat of Pyrenees. By the contrary, the poaching of an adult female appear to point out the existence of risks for these bears. ",,"En el marco de un proyecto Life-Naturaleza de la Unión Europea, en 1996 y 1997 se liberaron en los Pirineos Centrales tres osos pardos (2 hembras-Ziva y Mellba- y 1 macho -Pyros-) procedentes de Eslovenia. El tamaño de las áreas de campeo y los desplazamientos de los osos difirieron según los indi- viduos y los años, siendo el primer año muy grandes y recorriendo largas distancias. Los desplazamien- tos más cortos y las áreas más pequeñas se presentaron cuando las hembras tuvieron crías del año. Pyros realizó mayores desplazamientos diarios (- x = 3,01 km, SD = 2,89 km) que Ziva (- x = 2,07 km, SD = 2,09 km), siendo muy habitual el movimiento transfronterizo entre Francia, Cataluña y Aragón. Una de las crías se halla en estos momentos en contacto con la población pirenáica autóctona de osos. Seleccio- naron las orientaciones norte, con pendientes de entre 30 y 60 grados, las altitudes comprendidas entre 1.301 y 1.800 m y, los bosques de roble, haya y abeto. En 1997, Mellba parió tres crías y fue muerta en Francia por un cazador en 1997 y, Ziva dos crías. Dos de los huérfanos de Mellba han sobrevivido hasta este momento. Los análisis genéticos de los osos traslocados y de sus crías han permitido comprobar casos de multiparentalidad, sólo descritos en el oso grizzly de Norteamérica. En Cataluña (1996-2000), se atribuyeron 118 daños a los osos, aunque se indemnizaron 178 cabezas de ganado muertas y 397 desaparecidas. La población en el año 2001 es de seis ejemplares (1 macho adulto de 13 años, 1 hembra adulta de 12 años y, 3 machos y 1 hembra de 4 años). En junio de 2001 fue encontrada muerta en Francia una cría macho nacida ese mismo año. El alto número de crías en las camadas, la supervivencia de dos crías huérfanas con 8 meses, los pesos de los ejemplares nacidos en los Pirineos y capturados (una cría de segundo y un subadulto de tercer año), los excelentes datos de las analíticas de sangre realizadas y la gran variedad de la dieta encontrada en los análisis preliminares de las muestras, indican una buena adaptación de los osos a las condiciones tróficas y de hábitat del Pirineo. Por el contrario, la muerte de una osa en una cacería demuestra la existencia de ciertos riesgos para estos ejemplares. ",
dialnet-7144275,La importancia del agrosistema tradicional faxinal para la conservación de los bosques del sur de Brasil,Revista Ecosistemas,2017,esp,"The Importance of the Traditional Agrosystem Faxinal to the Southbrazilian Forests Conservation. Faxinal is a traditional land organization form of production that withstand to agribusiness. It consists on the collective animal pasture within the Araucaria forest understory and the low impact forestry management. These community forests compound some of the last preserved areas of the Atlantic Forest in the South Brazil Highlands, deserving the status of ARESUR - a controversial conservation unit not yet completely recognized that rewards the landowners for their commitment in forest preservation. Nevertheless, some authors argue that these efforts are useless once this management would not protect the forest integrity. Therefore, in order to comprove the importance of this agrosystem we have performed a phytosociological survey at six Faxinals and compared to a regional preserved mid understory at Açungui National Forest. It were identified 172 species (42 families). The major IVI were performed by Casearia species (decandra, obliqua, and sylvestris), Cinnamodendron dinisii, Podocarpus lambertii, Ilex paraguariensis, Matayba elaeagnoides, Ocotea odorifera, Eugenia pluriflora, Campomanesia xanthocarpa, Myrceugenia myrcioides, and Myrcia hatschbachii had the higher IVI. The comparative analysis has pointed that the vegetation at Faxinais are not different from the National Reserve one, in spite of some floristic divergences. We could conclude that the efforts to preserve the Faxinal community forests are consistent to the conservation strategies for the Atlantic Forest resilience. ",,"La importancia del agrosistema tradicional Faxinal para la conservación de los bosques en el sur de Brasil. Faxinal constituye una forma de organización y producción tradicional campesina caracterizada por la producción colectiva de animales en los sub-bosques de Araucarias. Esos creadores comunitarios componen algunos de los últimos remanentes conservados de la Mata Atlántica en los altiplanos sur-brasileños, mereciendo así el status de ARESUR – una unidad de conservación polémica, no totalmente reconocida, que recompensa a propietarios por su compromiso con la conservación de los bosques. Algunos autores argumentan que estos esfuerzos son inútiles ya que esto no protege la integridad de los bosques. Así, para comprobar la importancia de ese agrosistema analizamos la estructura fitosociológica de seis faxinales, comparando con un bosque también secundario preservado en Bosque Nacional Açungui. Se identificaron entre los faxinales y el área de conservación un total de 172 especies (42 familias) y el mayor Índice de Valor de Importancia correspondió a las especies de Casearia (decandra, obliqua y sylvestris), Cinnamodendron dinisii, Podocarpus lambertii, Ilex paraguariensis, Matayba elaeagnoides, Ocotea odorifera, Eugenia pluriflora, Campomanesia xanthocarpa, Myrceugenia myrcioides y Myrcia hatschbachii. El análisis comparativo apunta que los bosques en los faxinales no san estructuralmente diferentes del área conservada en Açungui, a pesar de que hayan algunas diferencias florísticas. Se puede concluir que los esfuerzos por preservar a criadores comunitarios de faxinales son consistentes con las estrategias de conservación para la permanecía de la Mata Atlántica. ",
dialnet-4775431,"Restauración de bosque nativo en un área invadida por tamariscos Tamarix ramossisima en el sur de la provincia de Córdoba, Argentina",Revista Ecosistemas,2013,esp,"Humans produce impacts on ecosystems, where invasive alien species are considered one of the most relevant. In this sense, the restoration ecology, allows repairing ecosystems to be able to persist in future environments. The objective of this work was to design and implement management tech- niques for recovery environments invaded by saltcedar in the southern of Córdoba. We conducted an experimental restoration trial through saltcedar control (cut-stump method), selection of native species for reforestation and analyze the seed bank of saltcedar and native forest patches. Twelve plots were delimited in a saltcedar´s forest, where four treatments were applied: 1) control, 2) cut down of saltcedar, 3) cut down and native species introduction and 4) cut down, native species introduction and transplantation of the seed bank. The variables saltcedar´s resprout, species richness, species coverage, plant survival and seedlings emergence from the seed bank were monitored during 20 months. The saltcedar control method was 89 % effective. We selected the following species to be used in the restoration trials: Lycium boerhaviifolium, Vachellia caven, Schinus. fasciculatus, Celtis ehrembergiana y Atriplex undulata. The implanted seed bank didn´t provide new individuals to the system. We highlight the importance of re- planting the areas with patches of native woody species after saltcedar control in order to increase the biodiversity and resilience of the system. ",,"El hombre produce impactos acumulativos sobre los ecosistemas, siendo las especies exóticas invasoras uno de los más relevantes. Uno de los fines de la restauración ecológica es reparar los ecosistemas para que sean capaces de persistir en ambientes futuros. Este trabajo tiene como ob- jetivo diseñar e implementar técnicas de manejo para la recuperación de ambientes invadidos por tamariscos Tamarix ramossisima en el sur de Córdoba (Argentina). Se realizó un ensayo de restauración consistente en el control de tamariscos (tala y aplicación de herbicida), selección y plan- tación de especies nativas y evaluación del banco de semillas germinable del bosque de tamarisco y del bosque nativo de referencia. Se delimitaron doce parcelas donde se aplicaron cuatro tratamientos: 1) testigo; 2) control de tamariscos; 3) control y plantación de especies nativas; y 4) control, plantación de especies nativas y trasplante de banco de semillas. Se monitoreó durante 20 meses las variables rebrote de tamarisco, riqueza de la comunidad, cobertura de las especies nativas, emergencia y supervivencia de las plántulas del banco de semillas. El 89 % de los individuos de ta- marisco no rebrotaron. Las especies seleccionadas y plantadas fueron Lycium boerhaviifolium, Vachellia caven, Schinus fasciculatus, Celtis ehrem- bergiana y Atriplex undulata. El banco de semillas no aportó nuevos individuos de especies nativas. Se destaca la importancia de la revegetación con especies leñosas nativas luego del control de tamariscos como estrategia para incrementar la biodiversidad. ",
dialnet-7087777,Manejo forestal comunitario en el sur de México: ¿es una práctica sustentable para el mantenimiento de los ensambles de escarabajos?,Revista Mexicana de Biodiversidad,2019,mex,"We evaluated changes in the diversity, structure, and composition of dung and carrion beetle species (Coleoptera: Scarabaeidae: Scarabaeinae) in a landscape under community forest management in southern Mexico. Baited pit-fall traps were set with pig dung and squid carrion in areas with different forest treatment. In total, we recorded 3,608 individuals and 21 species of Scarabaeinae. We registered a greater number of species in areas without intervention and significant changes in beetle species composition among sites. Two generalist beetles (Ontherus mexicanus and Onthophagus cyanellus) accounted for 51% of the total abundance. Our results indicate that the relative effect of forest management on beetle assemblage is proportional to the intensity of cutting. The negative impact on beetle communities may contravene a silvicultural model, since the gradual loss of species at the local level could generate significant impacts on ecosystem functionality in the long term. It is a matter of urgency to establish monitoring schemes to assess the status of biodiversity components, in order to ensure a sustainable community management in forest areas in southern Mexico.",,"Evaluamos los cambios en la diversidad, estructura y composición de especies de escarabajos copronecrófagos (Coleoptera: Scarabaeidae: Scarabaeinae) en un paisaje bajo manejo forestal comunitario en el sur de México. Se dispusieron trampas de caída cebadas con excretas de cerdo y calamar en descomposición en sitios con diferente tratamiento forestal. En total, se registraron 3,608 individuos y 21 especies de Scarabaeinae. Registramos un mayor número de especies en el área sin intervención y cambios significativos en la composición de especies entre sitios. Dos escarabajos generalistas (Ontherus mexicanus y Onthophagus cyanellus) representaron 51% de la abundancia total. Nuestros resultados indican que el efecto relativo del manejo forestal sobre el ensamble de escarabajos es proporcional a la intensidad de corte. El impacto negativo sobre las comunidades de escarabajos puede contravenir al modelo de aprovechamiento silvícola, pues la pérdida gradual de especies a nivel local podría generar impactos significativos en la funcionalidad del ecosistema en el largo plazo. Es necesario establecer esquemas de monitoreo para la valoración del estatus de los elementos de la biodiversidad, con el fin de garantizar un manejo comunitario sustentable en áreas forestales en el Sur de México.",
arxius-1,Estima de la abundancia de palomas (Columba livia var.) de la ciudad de Barcelona y valoración de la efectividad del control por eliminación de individuos,Arxius de miscel·lània zoològica,2009,esp,"Culling is one of the most commonly used methods to control urban pigeon populations. The Barcelona Public Health Agency (ASPB) eliminated a total of 227,479 pigeons using this technique between 1991 and 2006. We compared the estimate of abundance of pigeons in Barcelona city in 1991 (183.667±14.914) with that in 2006 (256.663±26.210) (CI 95%). While pigeon density did not increase in the city centre during this period, density in a ring around the city increa- sed significantly, leading to a general increase in the urban population of these birds. The number of complaints regarding pigeons received per district did not correlate with abundance. ASPB culling per district correlated with abundance and not with numbers of complaints received, indicating interventions generally followed a technical protocol. Pigeon density per district correlated significantly with the human population density but not with the total number of inhabitants. Findings indicate the effectiveness of culling is low in this setting and suggest greater emphasis should be placed on control measures centered on limiting factors, particularly reduction of food availability and nest removal.",,"Uno de los métodos más comúnmente utilizados para el control de las poblaciones de palomas urbanas es la captura y eliminación selectiva de individuos. Con este método, la Agencia de Salud Pública de Barcelona (ASPB) eliminó entre 1991 y 2006, un total de 227.479 palomas. En el pre- sente trabajo se compara la abundancia de palomas de la ciudad de Barcelona estimada en 1991 (183.887±14.914), con los valores obtenidos en una nueva estima realizada en 2006, con un total de 256.663±26.210 (IC 95%) palomas. Mientras que en el centro de la ciudad la densidad de palomas no aumentó entre esos años, la densidad en todo el anillo que rodea el centro aumentó de forma significativa, conduciendo a un aumento global de toda la población urbana. El número de denuncias recibidas por distrito por molestias oca- sionadas por las palomas no se correlacionó con su abundancia. El esfuerzo de capturas por distrito realizado por la ASPB se correlacionó con la abundancia de palomas y no con el número de denuncias recibidas, lo que indica que las actuaciones realizadas siguen en general un protocolo técnico. La densidad de palomas por distrito se correlacionó signifi- cativamente con la densidad de habitantes de cada distrito, pero no con el número total de habitantes. Los datos presentados demuestran la baja efectividad de las medidas de control de palomas por eliminación de individuos, y abogan por un mayor énfasis en los métodos de control centrados en los factores limitantes de la especie, en concreto la oferta alimentaria y los lugares de nidificación. ",
dialnet-6524365,"Metodo simple y economico para minimizar la mortalidad de aves acuaticas en piscinas de lixiviacion de cobre, en el norte de Chile",Biodiversity and Natural History,2018,chl,"Extractive mining is vital for technological development in the world where Chile ranks first as a world copper exporter. How ever, this  activity generates tailings deposits and emergency pools with extremely toxic and acid waters, which are used by many sp ecies of birds,  generally causing the death of numerous individuals.  Teck CDA designed a system of suspended colored plastic flag lines located over the  emergency pools  and its effectiveness was evaluated as a strategy to avoid the use of pools by  waterfowl and reduce mortality. Between  2011 and 2017 a monitoring program was implemented for the birds that use the emergency pools, clear pools and the adjacent t ailing  dam. Our results indicated that during the period using colored flag lines, the deat h of any individual of some species of bird that could  potentially interact with the pools was not observed. It is concluded that the system of colored plastic flags lines over the  copper leaching  emergency pools, were effective in avoiding the use of toxi c pools and minimizing the deaths of waterfowl .   ",,"La minería extractiva es vital para el desarrollo tecnológico en el mundo donde Chile ocupa el primer lugar como exportador m undial de  cobre. Sin embargo,  Esta actividad genera depósitos de relave y piscinas de emergencia con aguas extremadamente tóxicas y  ácidas, que  son utilizadas por numerosas especies de aves, provocando generalmente la muerte de numerosos individuos.  Teck CDA diseñó e instaló  sobre las piscinas de emergencia un sistema de líneas con banderines de colores suspendidos y se evaluó su efec tividad como estrategia  para evitar el uso de las piscinas por aves acuáticas y reducir la mortalidad.  Entre los años 2011 y 2017 se ejecutó un programa de monitoreo  de las aves que usan las piscinas de emergencia, piscinas claras y el embalse contiguo. Nu estros resultados indicaron que durante el período  de uso de los banderines no se observó la muerte de ningún individuo de alguna especie de ave que potencialmente podría inter actuar con  las piscinas. Se concluye que el sistema de líneas de banderines plás ticos de colores sobre las piscinas de emergencia de lixiviación de cobre,  fueron efectivos evitando el uso de las piscinas tóxicas y minimizando las muertes de las aves acuáticas .  ",
edentata-1,Reintroducción del hormiguero gigante (Myrmecophaga tridactyla) en la Reserva Natural Iberá (Argentina): ¿misión cumplida?,Edentata,2015,esp,"We present the main results from eight years of reintroductions of giant anteaters into Iberá Nature Reserve (Corrientes, Argentina). The project has handled 79 individuals, 75 of which came from the Dry Chaco Ecoregion, and four animals were from neighboring Yungas and Wet Chaco ecoregions. 73% of the animals were wild-born orphan cubs, 13% were captive adults, 2% adults translocated from the wild, 10% injured free-ranging adults, and one animal was captive-born. We tested for seven possible pathogens dur- ing the quarantine phase. Overall, 27% of the tested animals had antibodies against Toxoplasma gondii and 4% for Leptospira interrogans, while DNA of canine distemper virus was found in 25% of the tested animals. Reintroduced anteaters were fitted with VHF transmitters and then monitored with this method or camera traps. Out of 47 released animals, 11 have died, ten females have given birth to 29 cubs, and we estimate that there are currently 29 to 46 animals in the first population and 18 in the second one. Since the animals started breeding there have been four years with more births than deaths, and one where mortality surpassed the reproductive rate. This project fulfils a double role of ecological restoration and animal welfare. Even though releases and monitoring will be sustained for several more years, present data suggest that this previously extirpated mammal has been successfully re-established in Iberá Nature Reserve. ",,"Se presentan los principales avances después de ocho años de reintroducciones de hormigueros gigantes en dos lugares de la Reserva Natural Iberá (Corrientes, Argentina). El proyecto ha manejado un total de 79 ejemplares, 75 de ellos provenientes de diferentes sectores del Chaco Seco y cuatro de ecorregio- nes adyacentes como Yungas y Chaco Húmedo. El 73% de los ejemplares manejados fueron crías huérfa- nas nacidas en libertad, el 13% fueron adultos cautivos, 2% animales silvestres translocados, 10% animales adultos silvestres heridos y un ejemplar nacido en cautiverio. Durante la fase de cuarentena se realizaron pruebas para detectar siete patógenos, encontrando anticuerpos frente a Toxoplasma gondii en el 27% de los individuos analizados, Leptospira interrogans en el 4% y la presencia del virus del moquillo canino en el 25%. El 73% de los ejemplares sobrevivió a la fase de cuarentena y manejo intensivo. Todos los hormigueros libe- rados fueron marcados con un radiotransmisor VHF y luego fueron seguidos por ese método y por cámaras trampa. De los 47 animales liberados, 11 han fallecido, 10 hembras liberadas han tenido un total de 29 crías y se estima que actualmente viven libres de 29 a 46 ejemplares en la primera población y 18 en la segunda. Desde que se dieron los primeros nacimientos, la relación entre reproducción y mortalidad ha sido positiva en cuatro años y negativa en uno. El proyecto cumple un rol doble de bienestar animal y de restauración ecológica. Los datos actuales apuntan al restablecimiento exitoso de la especie en la región. ",
gestion-1,"PROGRAMA EDUCATIVO CON ÉNFASIS EN EL NO USO DE AGROQUÍMICOS EN LA COMUNIDAD DE MOHENA CAÑO, BELÉN, MAYNAS, PERÚ",Gestión Ambiental,2008,chl,"This work was carried out in Mohena Caño Village during 2004 and 2005 to follow up the executive phase of the former Training Program aimed to avoid the use of agrochemicals, which had been started in 2003. The methodology for the present process was based on experimentation, which allowed us to design and execute the training program and get outcomes about the produced impact, achieving the application of the program on the whole. At the end of the project, 100% of the farmers who actively participated during the process, stated that they gained experience at using these new ecological technologies to control plagues (use of color traps and traps of light) and diseases (use of biocide extracts), and 30% of them pointed out to have experience for the first time in situ the benefits of these techniques. We observed a change of attitude in the participants, fluctuating from 67 to 100% , to use the new ecologic alternatives (use of traps and extracts of biocides) ",,"Este trabajo se ha realizado en la Comunidad de Mohena Caño durante el período 2004 y 2005 con el fin de continuar con la aplicación del Programa Educativo con énfasis en el no uso de Agroquímicos iniciado el año 2003. La metodología utilizada para este proceso estuvo basada en la experimentación, la cual ha permitido diseñar y aplicar el programa educativo y obtener resultados sobre el impacto producido, logrando cumplir en su totalidad con la aplicación del programa. Al finalizar el presente proyecto y con la participación constante de los agricultores se logró que el 100% manifestara haber ganado experiencia en la aplicación de estas nuevas tecnologías ecológicas para el control de plagas (uso de trampas de color y de luz) y enfermedades (empleo de extractos de plantas biocida); y el 30% indica haber experimentado por primera vez in situ el beneficio de estas tecnologías; notándose que el cambio de actitud de los participantes fluctuó del 67 al 100% hacia el uso de las nuevas alternativas ecológicas (uso de trampas y de extractos de plantas biocidas). ",
dialnet-3824603,"Restauración del medio marino en la reserva marina de Tabarca (Alicante, España): estructura y variaciones temporales de la ictiofauna asociada al arrecife artificial",Mediterránea,2011,esp,"An experimental artificial reef was designed and placed in the Marine Reserve of Tabarca (Alicante, SE Spain) to avoid trawl fishing activities on the Posidonia oceanica seagrass bed and to provide alternative fishing sites. The fish assem- blage monitoring of the experimental artificial reef for 3 years is presented. The number of resident fish species recorded, abundance and biomass increased over time. Changes in the Restauración del medio marino en la reserva marina de Tabarca (Alicante, España): estructura y variaciones temporales de la ictiofauna asociada al arrecife artificial fish assemblage structure throughout the study period due to seasonal nature cannot be clearly distinguished from later colonization episodes. The fish assemblage structure seems to be conditioned by reef characteristics such as module de- sign, relative low volume submerged, depth or high degrada- tion of surrounding P. oceanica beds. ",,"El arrecife artificial de Tabarca se diseñó e instaló principal- mente con el objetivo de impedir la pesca de arrastre ilegal sobre las praderas de Posidonia oceanica. Además se diseñó un arrecife alveolar experimental para estudiar sus efectos sobre la ictiofauna litoral y sus posibilidades como lugar de pesca alternativo a la flota artesanal de Tabarca. La ictiofau- na asociada al arrecife artificial de Tabarca se estudió me- diante censos visuales durante tres años consecutivos entre 1990 y 1992, con una frecuencia estacional. Los resultados muestran una estructura de la comunidad condicionada por el diseño y emplazamiento de los módulos. La dinámica tem- poral manifiesta una clara diferencia según consideremos el poblamiento total o sólo el residente: el primero refleja una pauta muy fluctuante, poco predecible; el poblamiento resi- dente muestra una tendencia hacia la estructuración, con un aumento progresivo de especies sedentarias predadoras, y un incremento significativo de la biomasa. Estos resultados refuerzan las interpretaciones que dan un papel condicionan- te al tamaño del arrecife artificial y a su localización ",
dialnet-8702481,EFECTO DE DIFERENTES DIETAS SOBRE LA GANANCIA DE PESO DE INDIVIDUOS EN CAUTIVERIO DE AGOUTI PACA (RODENTIA: AGOUTIDAE),Revista Mexicana de Mastozoología,2008,mex,"The Paca (Agouti paca) had suffered intensive hunting throughout its distribu- tional range. Some efforts have arisen to produce animals in captivity as a mean to reduce this pressure. However, basic aspects about its biology in captivity such as diet are still unknow. The objective of this study is, therefore, to determine the effect of five diets with different protein proportions on the growth of individuals of paca breed in captivity. Five farms on the Atlantic Region of Costa Rica were chosen, assigning a different diet in each place and selecting four three-months-old males. Weights of the 20 animals at the beginning of the study fluctuated between 3.1 and 4.2 kg and at the end between 6.0 and 8.1 kg. Weight of the animals increased rapidly until 210 days. No differences among average weights of individuals exposed to each diet were detected, although a diet with a balanced protein concentration seemed to offer better results. When comparing average weights with those of other studies, results obtained in this work were the highest. This study generated knowledge about the protein requirements of captive pacas. ",,"El tepezcuintle o paca (Agouti paca) es una especie que ha sufrido una intensa cacería en todo su ámbito de distribución, por lo que han surgido esfuerzos para la producción de animales en cautiverio como medio para reducir esta presión. Sin embargo, aún se desconocen aspectos básicos sobre la cría en cautiverio de esta especie y otros son contradictorios, como por ejemplo el tipo de dieta más apropiada. Por lo que el objetivo del trabajo es determinar el efecto de cinco tipos de dieta con diferentes proporciones de proteína sobre el crecimiento de tepezcuintles criados en cautiverio. Se escogieron cinco criaderos de fauna silvestre en la Región Atlántica de Costa Rica, asignando en cada uno una dieta distinta y seleccionando cuatro machos de tres meses de edad. Los pesos de los 20 animales val inicio del estudio fluctuaron entre 3.1 y 4.2 kg y al final entre 6.0 y 8.1 kg. El peso de los tepezcuintles aumentó rápidamente hasta los 210 días. No se encontraron diferencias entre pesos promedio de individuos expuestos a cada dieta, aunque una dieta con una concentración balanceada de proteína pareció brindar mejores resultados. Al comparar los pesos promedios con los de otros estudios, los obtenidos en este trabajo fueron los más altos. Este estudio generó conocimiento sobre los requerimientos proteínicos de tepezcuintles en cautiverio. ",
dialnet-4582756,"Inventario de los macroinvertebrados acuáticos del «Ullal de Baldoví» (Sueca, Valencia, España) tras un programa de restauración",Boletín de la Real Sociedad Española de Historia Natural,2013,esp,"The water body Ullal de Baldoví (Sueca, Valencia) is a priority habitat (Calcareous fens with Cladium mariscus, code 7210 of EU priority habitats) system located inside the Albufera Natural Park (Fig. 1), composed of reduced surface but deep ponds, associated with subterranean springs. Its progressive reduction and degradation forced the regional government (Consellería de Infraestructuras, Territorio y Medio Ambiente) and the local council of the city of Sueca to start a restoration action that lasted until 2008. This restoration plan was concluded in the framework of a LIFE-Nature development project, “Recovering of a priority habitat in the Albufera Natural Park”, known as “Proyecto Ullals” (“Spring pond project”). In the present study we provide a list of the aquatic invertebrates collected in Ullal de Baldoví (Sueca, Valencia) during 2007. This is an emblematic spring system with oligohaline waters, located inside the l’Albufera Natural Park. In total, 81 taxa were found distributed in 6 phyla, 24 orders and 57 families. These results were obtained from six sampling stations accounting for different environments in the Ullal, including a restored area. Three endemisms were found: Melanopsis tricarinata (Bruguière, 1789), an species endemic to the Iberian Peninsula, plus Dugastella valentina (Ferrer Galdiano, 1924) and Palaemonetes zariquieyi Sollaud, 1939 both with even more restricted distributions in the Valencian region. Leptocheirus pilosus Zaddach, 1844, an amphipod species belonging to the family Aoridae is reported for the first time in the region. Fifteen taxa belong to the class Ostracoda, two of which are considered invasive alien species (IAS): Fabaeformiscandona subacuta (Yang, 1982) and Stenocypris major (Baird, 1859). In the study carried out by Poquet et al. (2008) on the ostracods of shallow lakes in the Valencian Community, 6 species were found in the Ullal de Baldoví system during 2000. In comparison, just one of them, Candonopsis scourfieldi Brady, 1910, was not collected during the present survey. The limnological results indicate low variability in conductivity, salinity, chlorides and alkalinity in the Ullal (Tab. I). The recent restorated part of the system has allowed the colonization of several new taxa into Ullal de Baldoví. When aiming at estimating the maximum biodiversity of an ecosystem, it is essential to carefully select a wide array of habitat types to be sampled, in order to maximize the expected number of taxa. In comparison to a previous survey carried out in 2000 (Sahuquillo et al., 2007) in the same system, the present survey is remarkable with regards to the notably higher number of taxa collected in the Ullal de Baldoví water body. The importance of seasonal sampling campaigns is made clear to thoroughly characterise epicontinental aquatic systems, even when studying such a stable water body. Indeed, a monthly monitoring survey for one year would most probably uncover a higher faunistic richness of the system and would maximise its environmental value, a reason to remark the necessity for a preservation of this environment for the future generations. ",,"En el presente estudio se aporta el inventario de los invertebrados acuáticos recolectados en el Ullal de Baldoví (Sueca, Valencia) durante el año 2007. Se trata de un manantial emblemático de aguas oligohalinas, situado en el interior del Parque Natural de l’Albufera de Valencia. Se contabilizaron 81 taxones distribuidos en 6 filos, 24 órdenes y 57 familias. Los resultados se han obtenido en seis estaciones de muestreo repartidas entre los diferentes ambientes del Ullal, incluyendo una parte restaurada. Se localizan tres endemismos, de los cuales uno, Melanopsis tricarinata (Bruguière, 1789), lo es al nivel ibérico y los otros dos, Dugastella valentina (Ferrer Galdiano, 1924) y Palaemonetes zariquieyi Sollaud, 1939, lo son para la Comunidad Valenciana (CV). Se detecta una cita nueva para las aguas continentales de la CV, un anfípodo de la familia Aoridae; Leptocheirus pilosus Zaddach, 1844. En el conjunto de taxones, quince pertececen a la clase Ostracoda, con dos especies exóticas invasora (EEI) Fabaeformiscandona subacuta (Yang, 1982) y Stenocypris major (Baird, 1859). Los resultados obtenidos parecen indicar que la reciente restauración ha permitido, hasta la fecha, la colonización de nuevos taxones en el Ullal de Baldoví. ",
dialnet-5523736,Mantencion de peces nativos dulceacuicolas de Chile en cautiverio: un aporte a su conservacion ex situ,Boletín de Biodiversidad de Chile,2012,chl,"Basic knowledge for the maintenance of the native fishes Percilia gillissi, P. irwini (Perciformes), Trichomycterus areolatus (Siluriformes), Cheirodon galusdae (Characiformes) and Galaxias platei (Osmeriformes) was generated by maintaining them in aquaria between 10 to 750 l with a substrate of sand, pebbles and cobbles, with plants, aeration and a biological filter. Physical and chemical variables of the water were kept through weekly changes of water, between 10 and 30% of the volume of the aquarium. Fish density was between 0.1 and 0.9 g l-1 according to species and length. Of the different feeding items tested, Percilia spp. only accepted live food and the other species accepted live and commercial food. Live food was supplied to satiety and commercial food was supplied in a ratio of 2% of the fish’s body weight, three to four times a week. White spot disease appeared during the first couple of weeks after the fish arrival, and affected Percilia spp., T. areolatus and G. platei. It was successfully treated with sea salt in a maximum concentration of 2 g l-1. The species P. irwini and P. gillissi were the most difficult to keep in captivity because of the white spot disease and slow food acceptance. ",,"Se generó conocimiento básico para la adecuada mantención en cautiverio de los peces nativos Percilia gillissi, P. irwini (Perciformes), Trichomycterus areolatus (Siluriformes), Cheirodon galusdae (Characiformes) y Galaxias platei (Osmeriformes). Los peces se mantuvieron en acuarios entre 10 a 750 l, con sustratos de arena, grava y canto rodado, con plantas, aireación y filtro biológico. Las variables físico-químicas del agua fueron mantenidas mediante cambios semanales de agua entre un 10 y 30% del volumen del acuario. Se mantuvo densidades entre 0,100 y 0,900 g l-1, según especie y talla. De los alimentos ensayados, Percilia spp. aceptó sólo alimento vivo. Las demás especies consumieron alimento vivo y comercial. El alimento vivo fue entregado a saciedad y el comercial en dosis de hasta un 2% del peso de los peces, por tres a cuatro veces por semana. La enfermedad del ‘punto blanco’ apareció durante las primeras dos semanas del ingreso de los peces y afectó a Percilia spp., T. areolatus y G. platei. Fue tratada exitosamente con sal de mar en una concentración máxima de 2 g l-1. Las especies P. irwini y P. gillissi fueron las que presentaron mayor dificultad en su mantención por la aparición de la enfermedad del punto blanco y una aceptación lenta a los alimentos. ",
aveschile-1,"Efectos Del Fuego Sobre La Avifauna Del Cerro Cayumanque, Region Del Bio-Bio, Chile",Boletin Chileno de Ornitologia,2013,chl,"Wildfires usually affect indirectly bird communities, mainly through habitat change. In January 2012 a large fire destroyed a part of Cayumanque Hill, considered a priority site for the conservation of biodiversity in Chile. In order to assess whether the fire produced changes in bird assemblages at this area, we compared the avifauna previous and after the fire. Bird counts were performed using fixed points along an altitudinal gradient in disturbed, moderately disturbed and undisturbed areas by the fire, comparing the avifauna present at the same points pre and post-fire. The specific richness increased after the fire for the three areas evaluated, however this difference was not significant (p>0.05). Average abundances in altered zone, pre and post-fire, increased significantly post-fire (p=0.003). In undisturbed and moderately altered areas abundance was similar to that observed in the same areas before the fire (p>0.05). For all three study areas species diversity decreased before the fire (Altered H’=0.91, Moderately altered H’=0.75, No change H’=0.73) compared to species diversity post-fire (Altered H’=1.12, Moderately altered H’=1.05, Unchanged H’=0.84), although differences were not significant (p>0.05). The fire at the Cayumanque Hill resulted in an increased post-fire bird abundance mostly attributed to the effect of farming and agricultural plantations, where granivorous birds and generalist birds quickly colonized the affected area. KEY WORDS.- Avifauna, Cayumanque, bird diversity, post-fire, species richness. ",,"Los incendios forestales afectan generalmente de forma indirecta a las comunidades de aves, principalmente por las modificaciones en el hábitat que se producen. En enero del 2012 un gran incendio afectó parte del Cerro Cayumanque, considerado un sitio prioritario para la conservación de la biodiversidad en Chile. Con el objetivo de evaluar si el incendio produjo cambios en los ensambles de aves presentes en este, se comparó la avifauna pre (7 años antes) y post-incendio, nueve meses después de ocurrido el incendio Pichiqueime. Se realizó un muestreo mediante el método de conteo por puntos fijos en un gradiente altitudinal en zonas alteradas, medianamente alteradas y no alteradas por el incendio, comparando la avifauna presente en los mismos puntos pre y post-incendio. La riqueza específica aumentó posterior al incendio, para las tres zonas evaluadas, no obstante, esta diferencia no fue significativa (p>0,05). Las abundancias medias de aves en la zona alterada, pre y post incendio, aumentaron significativamente post-incendio (p=0,003), sin embargo, en las zonas sin alteración y medianamente alterada, la abundancia fue similar a la observada en las mismas zonas previo al incendio (p>0,05). La diversidad de especies fue menor previo al incendio para las tres zonas analizadas (Alterada H’=0,91; Medianamente alterada H’=0,75; Sin alteración H’=0,73) que post-incendio (Alterada H’=1,12; Medianamente alterada H’= 1,05; Sin alteración H’=0,84), pero esta diferencia no fue significativa (p>0,05). El incendio que afectó al Cerro Cayumanque solo produjo un aumento significativo en la abundancia de aves en el área que presento mayor daño post-incendio, esto debido a que el área afectada fue principalmente sectores de cultivo y plantaciones agrícolas, donde las aves granívoras y generalistas colonizaron rápidamente. PALABRAS CLAVE.- Avifauna, Cayumanque, diversidad, post-incendio, riqueza ",
aveschile-2,"Effects of cattle exclusion on the vegetation at a Pink-footed Shearwater (Ardenna creatopus) colony on Robinson Crusoe Island, Chile",Boletin Chileno de Ornitologia,2016,chl,"With the aim of contributing to conservation of breeding habitat of Pink-footed Shearwater (Ardenna creatopus), in 2011 we established a cattle exclusion system around a breeding colony in Isla Robinson Crusoe, Juan Fernández Archipelago, Chile. The cattle exclusion system consisted of a metallic fence 1.6 m in height around a polygon 21000 m2. After three years, we evaluated the vegetation characteristics inside and outside the cattle-exclusion area by plant sampling in 20 x 20 m plots. Between 2012-2016, we also monitored 100 burrows in the cattle-exclusion area to assess their structural status. The exclusion area had a greater overall vegetation cover and increased plant height in comparison to the non-exclusion area. The non-exclusion area had significantly greater cover of bare soil and of the invasive plant Acaena argentea. The frequency of occurrence of bare soil and trun was also significantly greater on the non-exclusion area. On the exclusion area, we detected a significant increase in cover of annual grasses, forbs and plant litter, and a greater occurrence of lichens compared to the non-exclusion area. We found no evidence of regeneration of native flora within the exclusion area, and the cattle exclusion had no apparent effect on the native fern Blechnum hastatum. After exclusion, none of the monitored shearwater burrows showed evidence of further damage. The use of cattle-exclusion fences could be an effective tool for restoration of seabird breeding habitat. ",,"Con la meta de contribuir a la conservación del hábitat reproductivo de la fardela blanca (Ardenna creatopus), durante el año 2011 establecimos un cerco de exclusión de ganado vacuno alrededor de una colonia reproductiva en la Isla Robinson Crusoe, Archipiélago de Juan Fernández, Chile. El sistema de exclusión consistió de un cerco metálico de 1,6 m de altura alrededor de un polígono de 21.000 m2. Después de tres años, evaluamos las características de la vegetación al interior y exterior del área excluida mediante parcelas de 20 x 20 m. Entre 2012-2016 también monitoreamos 100 madrigueras al interior del área de exclusión para evaluar su condición estructural. El área excluida presentó mayor cobertura vegetal total y mayor altura de plantas en comparación con el área no excluida. El área no excluida tuvo una cobertura mucho mayor de suelo desnudo y de la planta invasora Acaena argentea. La frecuencia de ocurrencia de tierra desnuda y trun también fue mucho mayor en el área no excluida. En el área excluida hubo un aumento significativo de la cobertura de pastos anuales, plantas herbáceas y restos vegetales, y una frecuencia de ocurrencia significativamente mayor de líquenes en comparación con el área no excluida. No encontramos evidencia de regeneración de la flora nativa dentro del área excluida, y la exclusión no tuvo un efecto evidente sobre el helecho nativo Blechnum hastatum. Después de la exclusión, ninguna de las madrigueras monitoreadas mostró evidencia de más daño. El uso de cercos de exclusión podría ser una estrategia complementaria para contribuir a la restauración del hábitat reproductivo de aves marinas. ",
ardeola-1,Reintroducción de especies y reforzamiento de poblaciones en la conservación de aves en España,Ardeola,1992,esp,"The criteria for screening a re-introduction project for birds, the consecutive phases of the project and the most usual methods of release are presented. The re-introduction of the Bearded Vulture to the Alps as a case study and the results of general reviews of success/failure of projects around the world are discussed. Finally, some of the current work being done nowadays in Spain involving birds and re-introduction is commented.",,"En este trabajo se presentan los criterios que normalmente se emplean vara evaluar iniciativas de reintroducción o reforzamiento de poblaciones, las fases de las que constan estos proyectos y los métodos que se aplican para la suelta de los ejemplares. Se comenta como ejemplo de un caso concreto el del Quebrantahuesos en los Alpes y se exponen algunas evaluaciones globales del éxito/fracaso de un elevado número de reintroducciones en todo el mundo. Finalmente, se pasa revista a los proyectos que se llevan a cabo actualmente en España.",
revista-eco-1,Meta-análisis de los efectos de la retirada de la madera quemada sobre la regeneración de los bosques mediterráneos: un paso hacia una gestión basada en la evidencia,Revista Ecosistemas,2012,esp,"Many environmental managers base their decisions on previous field experience, but not on primary scientific literature or advice by academic scien- tists. Evidence-based management, based on primary scientific literature and meta-analysis, to decide among environmental management options is very infrequent. This paper illustrates this approach using as an example salvage logging in Mediterranean forests. Traditionally, forest management after fire has included salvage logging, i.e., harvest and removal of burnt wood, based on economic, ecological and esthetic grounds. However, salvage logging has also been criticised due to, among other reasons, its potential detrimental effects on forest regeneration. A meta-analysis of the relevant Mediterranean literature suggested no (seedling density and height) or negative (survival) effect of salvage logging on forest regeneration. Although a meta-analysis based on such a small sample size as the one possible in this study does not allow strong conclusions, it suggests that: (1) current management is not consistent with the (scarce) available evidence, at least regarding forest regeneration after fire and (2) stronger evidence should be gathered about this kind of forest management. ",,"Muchos gestores basan sus decisiones en su experiencia de campo acumulada, pero no en la bibliografía científica primaria o el consejo por parte de científicos. Es muy infrecuente una gestión basada en la evidencia científica, consistente en el meta-análisis de la bibliografía primaria para dirimir entre opciones de gestión ambiental. Este artículo ilustra esta aproximación con el ejemplo de la gestión de la madera quemada en los bosques Mediterráneos. Tradicionalmente, tras los incendios en muchas partes del mundo, incluido el Mediterráneo, se lleva a cabo la corta y retirada de la madera quemada, usando argumentos económicos, ecológicos y estéticos. Sin embargo, existe una corriente contraria a esta práctica argumentando, entre otras razones, un potencial efecto negativo de la retirada de la madera quemada sobre la regeneración del bosque. Un meta- análisis de la bibliografía pertinente en el Mediterráneo indicó un efecto nulo (densidad y altura de plántulas) o negativo (supervivencia de plántulas) de la retirada de la madera quemada sobre la regeneración del bosque. Aunque un meta-análisis con un tamaño de muestra tan bajo como el posible en el presente estudio no permite conclusiones firmes sobre la gestión de la madera quemada, sí sugiere que: (1) la gestión actual no está en concordancia con la (escasa) evidencia disponible, al menos en lo tocante a la regeneración del bosque quemado y (2) es necesario recabar una evidencia más firme sobre esta práctica de gestión forestal. ",
bioscriba-1,EVALUACIÓN DE TRATAMIENTOS PREGERMINATIVOS EN SEIS ESPECIES NATIVAS DEL ECOTONO MONTE-ESPINAL DEL NORESTE DE LA PATAGONIA,BioScriba,2014,arg,"Native plant cultivation is a tool to promote biodiversity conservation and to enhance population awareness and interest in natural ecosystems. The objective of this study was to generate information on the obtaining of native species of Monte and Espinal ecoregions in northeast Patagonia to contribute with the creation of a botanical garden. We worked with Brachyclados megalanthus, Cyclolepis genistoides, Grindelia brachystephana, Lycium chilense, Melica bonariensis and Senecio subulatus. The applied treatments were cold shock, gibberellic acid imbibition, mechanical scarification and control (untreated). We performed two essays: one in germination stove and the second in soil in glasshouse conditions. We evaluated germination percentage, mean germination time and survival of seedlings. We did not observe statistically significant differences among treatments, so it is concluded that these species could be produced in masse from seeds at low cost, with the finality of ex situ conservation of native genetic variability. ",,"El cultivo de plantas nativas es una herramienta para promover la conservación de la biodiversidad y aumentar la valoración pública de los ecosistemas naturales. El objetivo del presente trabajo fue generar información sobre la obtención de individuos de especies nativas del Monte y Espinal del noreste de la Patagonia para contribuir con la formación de un Jardín Botánico. Se trabajó con Brachyclados megalanthus, Cyclolepis genistoides, Grindelia brachystephana, Lycium chilense, Melica bonariensis y Senecio subulatus. Se realizaron ensayos en estufa y en tierra en invernáculo, con la aplicación de los siguientes tratamientos: exposición al frío, imbibición en giberelina, escarificado mecánico y semillas sin tratar (control). Se evaluaron el porcentaje de germinación, el tiempo medio de germinación y la supervivencia de las plántulas. No se encontraron diferencias significativas entre tratamientos, por lo que se concluye que estas especies pueden ser producidas masivamente por semillas a bajo costo, con el fin de conservar ex situ la variabilidad genética nativa. ",
revista-bio-1,Mortalidad embrionaria y éxito de eclosión en huevos de Trachemys scripta (Testudines: Emydidae) incubados en un área natural protegida,Revista de Biología Tropical,1994,cri,"In the northeast of Costa Rica, illegal collecting, habitat destruction and heavy predation adult females, young and eggs of Trachemys scripta produced a population decline in recent years. The slider turtle has a high reproductive potential and nests were relocated. Between January and March 1991. 179 nests (3220 eggs) were collected from natural areas of Caño Negro National Wildlife Refuge, Costa Rica and relocated for incubation under natural conditions in a  protected site. The mean of number of eggs per clutch was 19.5 ± 4.5 (range 8  to 31) and the mean incubation period was 77.4 ± 11.4 days (range 50 to 110 days). The mean hatching success was 89.6 ± 3.4 % (range 60.0 to 100 %). The mean early and mid embryonic mortality was 5.5 ± 4.3 %, the average late embryonic mortality was 8.5 ± 3.5 % and infertility 1.8 ± 1.0 %.",,"En el noreste de Costa Rica, ilIega! la recolección, la destrucción del hábitat y la fuerte depredación de hembras adultas, crías y huevos de Trachemys scripta produjeron una disminución de la población en los últimos años. La tortuga deslizante tiene un alto potencial reproductivo y los nidos fueron reubicados. Entre enero y marzo de 1991, se recolectaron 179 nidos (3220 huevos) del área natural del Refugio Nacional de Vida Silvestre Caño Negro, Costa Rica y se reubicaron para su incubación en condiciones naturales en un sitio protegido. La media del número de huevos por puesta fue de 19,5 ± 4,5 (rango de 8 a 31) y el período medio de incubación fue de 77,4 ± 11,4 días (rango de 50 a 110 días). El éxito medio de eclosión fue 89,6 ± 3,4 % (rango 60,0 a 100 %). La mortalidad embrionaria temprana y media promedio fue de 5,5 ± 4,3 %, la mortalidad embrionaria tardía promedio fue de 8,5 ± 3,5 % y la infertilidad de 1,8 ± 1,0 %.",
revista-chl-1,Nidos artificiales en plantaciones de Pinus radiata en el sur de Chile: ¿una herramienta para mitigar impactos ambientales negativos? ,Revista Chilena de Historia Natural,1996,chl,"Biodiversity is affected by forest monoculturing of exotic species, along with wild habita! loss, appear as the principal causes of the conservation problems affecting wild Chilean bird species. Many of these species do not inhabit Pinus radiata dueto its homogeneity and the scarcity of habitable havens. To assess the acceptance (habitableness and nesting) of nest boxes in stands of P. radiata in southern Chile, 116 artificial nests, with Jures designed to attract insectivores, were installed. Bird houses were highly accepted in the two study areas (98.4% in Temuco and 66.6% in Valdivia). An increase in acceptance was noted, starting in October (1992), reaching practically 100% occupation by February ( 1993). The percentage of operable houses was maintained high throughout the study. Troglodyres aedon (house wren) occupied almost all of the houses, with only one house occupied by Passer domesticus (house sparrow). T. aedon constructed cup-shaped nests with a base of branches of U/ex europaeus, P. radiara, Rubus ulmifolius, leaves of Eucaliptus globulus and, in the upper part, animal material such as feathers. The needles of P. radiata were the preferred construction material. The use of bird house to attract birds is successful, and if we improve the habita! for the bird, it is possible to attract them to the exotic forests of P. radiata. The nests we built are of low cost, and, combined with management techniques such as perches, footpaths and agroforestry. could have benefits on the preservation of biodiversity and the biological control of forest plagues, which in turn could imply a mitigation of negative environmental impacts of the monoculture plantations and similar stands of P. radiata. ",,"La biodiversidad de los ecosistemas naturales es afectada por el monocultivo silvícola de especies exóticas, siendo la pérdida de hábitats silvestres una de las principales causas de los problemas de conservación que afectan a la ornitofauna chilena, mucha de la cual no habita los rodales de Pinus radiata por su homogeneidad espacial y carencia de refugios. Para evaluar la aceptación (habitabilidad y nidificación) de casas anideras en rodales de P. radiata del sur de Chile se instalaron 116 nidos artificiales apropiados para aves insectívoras. Los nidales artificiales tuvieron una alta aceptación en las dos áreas de estudio (98,4% en Temuco y 66,6% en Valdivia). Se observó un aumento de la aceptación a partir de octubre (1992) llegando a prácticamente un 100% de ocupación en febrero ( 1993). El porcentaje de casas operables se mantuvo alto durante todo el estudio. Las casas anideras fueron habitadas casi en su totalidad por Troglodytes aedon (chercán) y sólo una por Passer domesticus (gorrión). T. aedon construyó nidos en forma de taza, con base de ramas de U/ex europaeus, P. radiata, Rubus ulmifolius, hojas de Eucaliptus globulus, y, en la parte superior plumas de contorno y filoplumas. Las acículas de P. radiata fueron el material de construcción preferido. El uso de nidos artificiales para atraer aves resultó exitoso, y si se mejora el hábitat para la ornitofauna, es posible atraerlas a los bosques exóticos de P. radiata. Las casas anideras que construimos fueron de bajo costo y, unidas a técnicas de manejo como perchas-posaderas, senderos y agroforestería, podrían tener beneficiosas repercusiones en la conservación de la biodiversidad y el control biológico de plagas forestales, lo que implicaría una mitigación de los impactos ambientales negativos de las plantaciones monoespecíficas y coetáneas de P. radiata. ",
madera-1,Efecto de la ganadería extensiva sobre la regeneración arbórea de los bosques de la Sierra de Manantlán,Madera y Bosques,2000,mex,"The  Las  Joyas  Field  Station  (LJFS) in the Sierra de Manantlán is characterized by    a    long    history    of    anthropogenic disturbance.    In    1988    a    fence    was established    that    delimited    Las    Joyas, excluding  any  anthropogenic  disturbance. The  fence  divides  different  areas  of  cloud, pine  and  oak  forests;  consequently  some forest areas have been under the pressure of cattle grazing and others not. The study was  carried  out  in  these  forest  with  two replicates, where 180 plots of 2 x 2 m were randomly:   90   plots   where   established outside  of  the  LJFS  and  the  rest  inside.  In these     plots,     tree     regeneration     was recorded (specie, density and tree height), and  38  species  from  33  families  and  35 genus   were   recorded.   The   number   of juvenile  treeswas  significantly  different  in the  cattle  excluded  sites  and  the  cattle grazing  sites  (in  all  the  cases, χ2  >7.5  y  p <0.001).   Floristic   composition   was   also different. Inga hintonii and Alnus jorullensisare  species  that  were  not  found  in  those sites  with  cattle  grazing,  suggesting  that such  species  might  be  extinct  with  cattle grazing  activities. Xylosma  flexuosum  and Pinus    douglasiana    showed    significant importance  values  in  the  cattle  excluded sites  on  cloud  forest  and  pine-oak  forest, respectively.     In     pine     forest, Pinus douglasiana  and Prunus  serotina  showed the   highest   importance   values   in   both cattle  excluded  sites  and  cattle  sites.  It  is concluded that cattle grazing is influencing a  change  on  the  species  composition  and is  also  declining  the  number  of  juvenile trees  per  hectare  in  the  three  types  of vegetation studied.",,"La   Estación   Científica   Las   Joyas (ECLJ)   de   la   Sierra   de   Manantlán   ha tenido       un       fuerte       historial       de perturbaciones.   En   1988   se   instaló   un cerco  perimetral  que  delimitó  la  estación, quedando      esta      área      exenta      de perturbaciones    antrópicas.    El    cercado dividió    diferentes    rodales    de    bosque mesófilo  de  montaña,  de  pino  y  de  pino-encino, quedando estos rodales con áreas de bosque con-ganado y otras sin-ganado. El  estudio  se  realizó  en  estos  bosques, usando     dos     réplicas     y     colocando aleatoriamente  180  cuadros  de  2x2  m,  90 cuadros   fuera   de   la   ECLJ   y   el   resto adentro.  En  estos  cuadros  se  registró  la regeneración arbórea (especie, densidad y altura).    Se    registraron    38    especies pertenecientes a 33 familias y 35 géneros. El    número    de    árboles    jóvenes    fue significativamente  diferente entre los sitios sin-ganado vs  con-ganado  (en  todos  los casos χ2 >7.5 y p <0.001) y la composición florística    también    fue    diferente. Inga hintonii y Alnus  jorullensis,  son  especies que  no  se  encontraron  en  lugares  con-ganado,  esto  sugiere  que  son especies potenciales  a extinguirse en presencia delganado. Las especies, Xylosma flexuosum y Pinus  douglasiana,  presentaron  valores significativos  de  importancia  en  los  sitios con-ganado   en   el   bosque   mesófilo   de montaña  y  pino-encino,  respectivamente. En el bosque de pino, tanto en sitios con y sin-ganado,  las  especies  con  mayor  valor de  importancia  fueron; Pinus  douglasianay Prunus  serotina.  Se  concluye  que  el ganado  bovino  está  ejerciendo  un  cambio en   la   composición   florística   y   en   la disminución    del    número    de    árboles jóvenes  por  hectárea  en  los  tres  tipos  de vegetación estudiados.",
quebracho-1,"Reacción del estrato arbustivo a diferentes intervenciones y presencia de ganado vacuno, en el Chaco Semiárido",Quebracho,2008,arg,"This experience took place at the “La Maria” INTA Experimental Station in the province of Santiago del Estero in a forest of quebracho tree whose stands underwent various interventions. Work was done on an area divided into lots with permanent cattle management which is made by regulating the animal load in accordance with forage availability. One of these stands was freed of shrubs in 1994. An adjacent area closed in 1987 with the same type of forest was also studied. Differences in the number of shrubs per ha arose out of an analysis on every shrubby stratum of the areas under study. The number of individuals in the closed area was the lowest while that in the cleared area the highest. No differences were found, however, as to basal area, canopy and species diversity measured by the Shannon index. It is concluded that no differences appear between the cleared and untreated shrubby areas since the intervention ten years ago. ",,"La experiencia fue desarrollada en un bosque de quebracho de la Estación Experimental “La María” del INTA Santiago del Estero, utilizando rodales que tuvieron diferentes intervenciones. Se trabajó en una área que fue apotrerada y puesta bajo un manejo continuo de ganado, regulando la carga animal según la oferta forrajera. Uno de estos rodales fue desarbustado en 1994. Adyacente a los potreros mencionados existe una clausura desde el año 1987 que fue utilizado como un tratamiento más para este estudio. Se analizó el estrato arbustivo en las áreas consideradas, encontrando diferencias en el número de arbustos/ha: la clausura fue el área con menor número y el área desarbustada la que presentó el mayor valor. Sin embargo, no existen diferencias en cuanto al área basal, cobertura ni a la diversidad de especies medida mediante el índice de Shannon. Se concluye que, luego de 10 años de realizada la intervención, no existen diferencias entre el área desarbustada y el área que no sufrió este tratamiento. ",